name,ssn
Antonio,100000000
Abel,100000001
Alex,100000002
Tristan,100000003
Graham,100000004
Zayden,100000005
Judah,100000006
Ace,100000007
Antonio,100000008
Abraham,100000009
Nicolas,100000010
Antonio,100000011
Charlie,100000012
Patrick,100000013
Walker,100000014
Joel,100000015
Olivia,100000016
Emma,100000017
Ava,100000018
Charlotte,100000019
Sophia,100000020
Ava,100000021
Isabella,100000022
Mia,100000023
Evelyn,100000024
Harper,100000025
Camila,100000026
Gianna,100000027
Ava,100000028
Luna,100000029
Ella,100000030
Elizabeth,100000031
Sofia,100000032
Emily,100000033
Avery,100000034
Mila,100000035
Antonio,100000036
Eleanor,100000037
Madison,100000038
Layla,100000039
Penelope,100000040
Olivia,100000041
Sadie,100000042
Ariana,100000043